2025-10-07T20:25:03+02:00,Na,999,Na,3,9,Na,WPP-A,MANUAL,sync,NA
2025-10-07T20:34:28+02:00,Na,999,Na,3,9,Na,WPP-A,MANUAL,sync,NA
2025-10-07T20:37:01+02:00,Na,999,Na,3,9,Na,WPP-A,MANUAL,sync,NA
2025-10-07T20:37:16+02:00,Na,999,Na,3,9,Na,WPP-A,MANUAL,sync,NA
2025-10-07T20:37:20+02:00,Na,0,Na,3,9,Na,WPP-A,MANUAL,sync,NA
2025-10-07T20:37:21+02:00,Na,0,Na,3,9,Na,WPP-A,MANUAL,sync,NA
2025-10-07T20:37:21+02:00,Na,0,Na,3,9,Na,WPP-A,MANUAL,sync,NA
2025-10-07T20:37:21+02:00,Na,0,Na,3,9,Na,WPP-A,MANUAL,sync,NA
2025-10-07T20:46:41+02:00,Na,999,Na,3,9,Na,WPP-A,MANUAL,sync,NA
2025-10-07T20:53:31+02:00,Na,999,Na,3,9,Na,WPP-A,MANUAL,sync,NA
2025-10-07T20:53:42+02:00,Na,999,Na,3,9,Na,WPP-A,MANUAL,sync,NA
2025-10-07T20:53:59+02:00,Na,999,Na,3,9,Na,WPP-A,MANUAL,sync,NA
2025-10-07T20:54:41+02:00,Na,999,Na,3,9,Na,WPP-A,MANUAL,sync,NA
2025-10-07T21:03:35+02:00,Na,0,Na,1,9,Na,WPP-A,MANUAL,sync,NA
2025-10-07T21:26:59+02:00,Na,999,Na,2,9,Na,WPP-A,MANUAL,sync,NA
2025-10-07T21:27:13+02:00,Na,999,Na,2,9,Na,WPP-A,MANUAL,sync,NA
2025-10-07T21:29:22+02:00,Na,999,Na,2,9,Na,WPP-A,MANUAL,sync,NA
2025-10-07T21:29:29+02:00,Na,999,Na,2,9,Na,WPP-A,MANUAL,sync,NA
2025-10-07T21:30:15+02:00,Na,999,Na,10,9,Na,WPP-A,MANUAL,sync,NA
2025-10-07T21:30:32+02:00,Na,999,Na,11,9,Na,WPP-A,MANUAL,sync,NA
2026-06-15T19:42:35+02:00,Na,0,Na,3,9,Na,WPP-A,MANUAL,sync,NA
2026-06-15T20:32:41+02:00,Na,999,Na,1,9,Na,WPP-A,MANUAL,sync,NA
2026-06-15T20:32:44+02:00,Na,0,Na,1,9,Na,WPP-A,MANUAL,sync,NA
2026-06-15T20:33:01+02:00,Na,0,Na,1,9,Na,WPP-A,MANUAL,sync,NA
2026-06-15T20:33:08+02:00,Na,0,Na,1,9,Na,WPP-A,MANUAL,sync,NA
2026-06-15T20:33:08+02:00,Na,0,Na,1,9,Na,WPP-A,MANUAL,sync,NA
2026-06-15T20:33:09+02:00,Na,0,Na,1,9,Na,WPP-A,MANUAL,sync,NA
